first_name,last_name,age,gender,salary
Elizabet,Fork,19,Female,3000
Reginald,Lidoo,42,Male,2500
Alexander,Great,30,Male,15000
first_name,last_name,age,gender,salary
Elizabet,Fork,19,Female,3000
Reginald,Lidoo,42,Male,2500
Alexander,Great,30,Male,15000
John,Doe,50,Male,5000
first_name,last_name,age,gender,salary
Elizabet,Fork,19,Female,3000
Reginald,Lidoo,42,Male,2500
Alexander,Great,30,Male,15000
first_name,last_name,age,gender,salary
Elizabet,Fork,19,Female,3000
Reginald,Lidoo,42,Male,2500
Alexander,Great,30,Male,15000
